epoch,global_step,elapsed_s,loss_total,loss_mask,loss_link,loss_sub,sigma_mask,sigma_link,sigma_sub,alpha,lr,grad_norm,link_auc,sub_r2_clust,sub_r2_tri,eff_rank,visits
1,200,7.1,2.833002,0.093750,5.254993,1.013557,0.800101,1.172984,0.964896,0.507936,0.00099975,10.904062,0.706243,0.556062,0.354176,105.8079,"{""cora"": 8, ""citeseer"": 7, ""pubmed"": 12, ""ppi"": 19, ""facebook_ego"": 7, ""twitch_en"": 41, ""coauthor_cs"": 16, ""dblp_snap"": 63, ""power_grid"": 13, ""as733"": 14}"
2,400,12.8,1.041096,0.088681,2.442007,0.625706,0.623462,1.268924,0.825105,0.528701,0.00099901,5.677729,0.704540,0.696592,0.616356,93.7411,"{""cora"": 4, ""citeseer"": 2, ""pubmed"": 21, ""ppi"": 23, ""facebook_ego"": 2, ""twitch_en"": 47, ""coauthor_cs"": 18, ""dblp_snap"": 69, ""power_grid"": 4, ""as733"": 10}"
3,600,18.2,0.423548,0.091549,1.636844,0.455348,0.493055,1.256573,0.696314,0.544826,0.00099778,4.251591,0.723602,0.745548,0.714258,90.1410,"{""cora"": 4, ""citeseer"": 1, ""pubmed"": 11, ""ppi"": 32, ""facebook_ego"": 8, ""twitch_en"": 44, ""coauthor_cs"": 21, ""dblp_snap"": 64, ""power_grid"": 6, ""as733"": 9}"
4,800,23.8,0.124627,0.085601,1.212320,0.451553,0.412127,1.167611,0.614758,0.559094,0.00099606,5.650438,0.740776,0.772473,0.754908,58.5287,"{""cora"": 8, ""citeseer"": 2, ""pubmed"": 17, ""ppi"": 29, ""facebook_ego"": 10, ""twitch_en"": 47, ""coauthor_cs"": 9, ""dblp_snap"": 61, ""power_grid"": 7, ""as733"": 10}"
5,1000,29.4,-0.150161,0.082391,0.929548,0.401820,0.357010,1.043168,0.561770,0.572384,0.00099384,5.808546,0.764812,0.807117,0.795514,80.7621,"{""cora"": 9, ""citeseer"": 3, ""pubmed"": 13, ""ppi"": 18, ""facebook_ego"": 9, ""twitch_en"": 45, ""coauthor_cs"": 18, ""dblp_snap"": 78, ""power_grid"": 4, ""as733"": 3}"
6,1200,35.5,-0.463618,0.081038,0.711616,0.310304,0.321131,0.900749,0.506322,0.588539,0.00099114,4.249112,0.796278,0.820302,0.823276,59.5115,"{""cora"": 7, ""citeseer"": 6, ""pubmed"": 23, ""ppi"": 26, ""facebook_ego"": 4, ""twitch_en"": 43, ""coauthor_cs"": 17, ""dblp_snap"": 63, ""power_grid"": 6, ""as733"": 5}"
7,1400,41.6,-0.590216,0.078725,0.621111,0.297173,0.303964,0.813251,0.475512,0.601266,0.00098796,4.477553,0.818332,0.832374,0.819861,61.7211,"{""cora"": 9, ""citeseer"": 11, ""pubmed"": 14, ""ppi"": 24, ""facebook_ego"": 4, ""twitch_en"": 47, ""coauthor_cs"": 18, ""dblp_snap"": 57, ""power_grid"": 4, ""as733"": 12}"
8,1600,47.9,-0.609619,0.081199,0.569272,0.297765,0.293432,0.759991,0.452652,0.610424,0.00098429,4.951513,0.836327,0.847400,0.837708,59.5841,"{""cora"": 8, ""citeseer"": 7, ""pubmed"": 11, ""ppi"": 29, ""facebook_ego"": 7, ""twitch_en"": 42, ""coauthor_cs"": 13, ""dblp_snap"": 58, ""power_grid"": 9, ""as733"": 16}"
9,1800,54.3,-0.668196,0.077280,0.550836,0.283807,0.281315,0.735332,0.437390,0.618166,0.00098015,4.753725,0.844718,0.852773,0.849100,52.1000,"{""cora"": 6, ""citeseer"": 5, ""pubmed"": 15, ""ppi"": 27, ""facebook_ego"": 10, ""twitch_en"": 49, ""coauthor_cs"": 16, ""dblp_snap"": 58, ""power_grid"": 8, ""as733"": 6}"
10,2000,60.2,-0.734260,0.078256,0.537769,0.257846,0.278927,0.719107,0.422516,0.627442,0.00097553,5.052229,0.857134,0.857092,0.846562,52.1914,"{""cora"": 8, ""citeseer"": 11, ""pubmed"": 21, ""ppi"": 30, ""facebook_ego"": 9, ""twitch_en"": 44, ""coauthor_cs"": 17, ""dblp_snap"": 46, ""power_grid"": 5, ""as733"": 9}"
11,2200,68.0,-0.763961,0.072789,0.533882,0.256554,0.269453,0.714544,0.413152,0.634877,0.00097044,3.893115,0.857425,0.861892,0.864668,49.2194,"{""cora"": 4, ""citeseer"": 13, ""pubmed"": 20, ""ppi"": 22, ""facebook_ego"": 6, ""twitch_en"": 52, ""coauthor_cs"": 12, ""dblp_snap"": 55, ""power_grid"": 7, ""as733"": 9}"
12,2400,74.2,-0.755778,0.072188,0.534385,0.257253,0.263863,0.715280,0.413535,0.639396,0.00096489,4.153525,0.855402,0.861139,0.870033,48.2717,"{""cora"": 4, ""citeseer"": 5, ""pubmed"": 16, ""ppi"": 23, ""facebook_ego"": 9, ""twitch_en"": 56, ""coauthor_cs"": 12, ""dblp_snap"": 59, ""power_grid"": 6, ""as733"": 10}"
13,2600,79.9,-0.786733,0.071696,0.529377,0.251494,0.258695,0.713360,0.412169,0.645032,0.00095888,3.597284,0.862178,0.867855,0.872422,46.3861,"{""cora"": 6, ""citeseer"": 9, ""pubmed"": 18, ""ppi"": 23, ""facebook_ego"": 5, ""twitch_en"": 49, ""coauthor_cs"": 10, ""dblp_snap"": 61, ""power_grid"": 15, ""as733"": 4}"
14,2800,85.4,-0.676370,0.078354,0.524796,0.271395,0.258893,0.707494,0.409584,0.649834,0.00095241,4.617118,0.865527,0.867939,0.865229,44.4993,"{""cora"": 6, ""citeseer"": 3, ""pubmed"": 14, ""ppi"": 26, ""facebook_ego"": 13, ""twitch_en"": 45, ""coauthor_cs"": 19, ""dblp_snap"": 67, ""power_grid"": 5, ""as733"": 2}"
15,3000,91.7,-0.818172,0.071196,0.528023,0.240360,0.258223,0.714849,0.413502,0.653281,0.00094550,3.506467,0.862506,0.868991,0.866993,31.5492,"{""cora"": 4, ""citeseer"": 4, ""pubmed"": 13, ""ppi"": 23, ""facebook_ego"": 5, ""twitch_en"": 54, ""coauthor_cs"": 14, ""dblp_snap"": 64, ""power_grid"": 7, ""as733"": 12}"
16,3200,97.7,-0.755165,0.081777,0.522592,0.236152,0.259973,0.713977,0.410613,0.656945,0.00093815,3.376760,0.869987,0.866488,0.871758,41.9496,"{""cora"": 4, ""citeseer"": 3, ""pubmed"": 15, ""ppi"": 35, ""facebook_ego"": 8, ""twitch_en"": 46, ""coauthor_cs"": 15, ""dblp_snap"": 60, ""power_grid"": 5, ""as733"": 9}"
17,3400,104.0,-0.687147,0.073320,0.517612,0.281279,0.256706,0.701760,0.406276,0.661305,0.00093037,4.609595,0.875210,0.873344,0.865441,42.2432,"{""cora"": 9, ""citeseer"": 8, ""pubmed"": 16, ""ppi"": 18, ""facebook_ego"": 4, ""twitch_en"": 54, ""coauthor_cs"": 19, ""dblp_snap"": 52, ""power_grid"": 10, ""as733"": 10}"
18,3600,110.0,-0.737846,0.076051,0.516648,0.257417,0.254850,0.706630,0.410129,0.664634,0.00092216,3.079426,0.876714,0.872154,0.871722,39.0744,"{""cora"": 3, ""citeseer"": 6, ""pubmed"": 18, ""ppi"": 23, ""facebook_ego"": 5, ""twitch_en"": 44, ""coauthor_cs"": 15, ""dblp_snap"": 65, ""power_grid"": 8, ""as733"": 13}"
19,3800,116.0,-0.642343,0.088274,0.516693,0.258808,0.264107,0.703674,0.409493,0.667905,0.00091354,4.022389,0.874127,0.870691,0.868865,38.0473,"{""cora"": 5, ""citeseer"": 14, ""pubmed"": 10, ""ppi"": 34, ""facebook_ego"": 9, ""twitch_en"": 47, ""coauthor_cs"": 15, ""dblp_snap"": 61, ""power_grid"": 2, ""as733"": 3}"
20,4000,121.5,-0.824798,0.075821,0.509937,0.230839,0.261790,0.703388,0.403302,0.671295,0.00090451,2.989655,0.883804,0.877042,0.881312,36.3297,"{""cora"": 4, ""citeseer"": 11, ""pubmed"": 16, ""ppi"": 26, ""facebook_ego"": 4, ""twitch_en"": 36, ""coauthor_cs"": 18, ""dblp_snap"": 67, ""power_grid"": 8, ""as733"": 10}"
21,4200,129.0,-0.770496,0.075952,0.517531,0.244036,0.258011,0.708027,0.401394,0.673823,0.00089508,3.110429,0.874452,0.873592,0.884356,41.2961,"{""cora"": 4, ""citeseer"": 4, ""pubmed"": 17, ""ppi"": 26, ""facebook_ego"": 5, ""twitch_en"": 53, ""coauthor_cs"": 12, ""dblp_snap"": 69, ""power_grid"": 7, ""as733"": 3}"
22,4400,135.0,-0.886061,0.073026,0.502402,0.216733,0.255312,0.700470,0.395229,0.676493,0.00088526,3.017088,0.893401,0.880724,0.886702,38.5594,"{""cora"": 4, ""citeseer"": 9, ""pubmed"": 21, ""ppi"": 26, ""facebook_ego"": 6, ""twitch_en"": 32, ""coauthor_cs"": 17, ""dblp_snap"": 61, ""power_grid"": 11, ""as733"": 13}"
23,4600,140.5,-0.877384,0.070590,0.508343,0.222478,0.250443,0.696714,0.392304,0.679606,0.00087506,3.014232,0.886512,0.878507,0.889160,35.3609,"{""cora"": 7, ""citeseer"": 3, ""pubmed"": 20, ""ppi"": 22, ""facebook_ego"": 4, ""twitch_en"": 38, ""coauthor_cs"": 16, ""dblp_snap"": 71, ""power_grid"": 10, ""as733"": 9}"
24,4800,146.3,-0.895888,0.074570,0.507471,0.205045,0.252098,0.702510,0.388657,0.681550,0.00086448,3.578782,0.886270,0.878636,0.893367,40.9424,"{""cora"": 3, ""citeseer"": 8, ""pubmed"": 16, ""ppi"": 30, ""facebook_ego"": 6, ""twitch_en"": 42, ""coauthor_cs"": 17, ""dblp_snap"": 61, ""power_grid"": 10, ""as733"": 7}"
25,5000,152.1,-0.904358,0.071069,0.502540,0.211542,0.250908,0.697084,0.386286,0.684368,0.00085355,2.972264,0.892104,0.881779,0.888679,36.8609,"{""cora"": 5, ""citeseer"": 11, ""pubmed"": 19, ""ppi"": 24, ""facebook_ego"": 5, ""twitch_en"": 42, ""coauthor_cs"": 16, ""dblp_snap"": 54, ""power_grid"": 11, ""as733"": 13}"
26,5200,158.3,-0.847030,0.074641,0.512581,0.218211,0.252032,0.705829,0.388833,0.686030,0.00084227,3.188044,0.879395,0.877148,0.880888,40.0874,"{""cora"": 5, ""citeseer"": 6, ""pubmed"": 11, ""ppi"": 27, ""facebook_ego"": 7, ""twitch_en"": 53, ""coauthor_cs"": 14, ""dblp_snap"": 66, ""power_grid"": 7, ""as733"": 4}"
27,5400,164.0,-0.743434,0.072950,0.508490,0.257420,0.249546,0.703554,0.400103,0.686928,0.00083066,3.140297,0.885165,0.879665,0.885731,40.2268,"{""cora"": 4, ""citeseer"": 5, ""pubmed"": 15, ""ppi"": 20, ""facebook_ego"": 6, ""twitch_en"": 44, ""coauthor_cs"": 14, ""dblp_snap"": 76, ""power_grid"": 6, ""as733"": 10}"
28,5600,169.4,-0.919711,0.070872,0.504466,0.209843,0.246976,0.701131,0.398700,0.689003,0.00081871,2.434474,0.890601,0.881521,0.887808,37.4757,"{""cora"": 8, ""citeseer"": 5, ""pubmed"": 19, ""ppi"": 26, ""facebook_ego"": 9, ""twitch_en"": 41, ""coauthor_cs"": 11, ""dblp_snap"": 65, ""power_grid"": 6, ""as733"": 10}"
29,5800,175.2,-0.902018,0.067427,0.504807,0.222898,0.245550,0.701360,0.396732,0.691515,0.00080645,3.029314,0.888698,0.881294,0.890459,37.3826,"{""cora"": 7, ""citeseer"": 9, ""pubmed"": 16, ""ppi"": 17, ""facebook_ego"": 5, ""twitch_en"": 57, ""coauthor_cs"": 20, ""dblp_snap"": 56, ""power_grid"": 8, ""as733"": 5}"
30,6000,181.7,-0.848318,0.073162,0.503643,0.224869,0.246801,0.696883,0.395203,0.691900,0.00079389,3.245622,0.889908,0.879823,0.892659,40.2827,"{""cora"": 7, ""citeseer"": 6, ""pubmed"": 18, ""ppi"": 24, ""facebook_ego"": 4, ""twitch_en"": 52, ""coauthor_cs"": 18, ""dblp_snap"": 61, ""power_grid"": 2, ""as733"": 8}"
31,6200,189.0,-0.774689,0.081546,0.498175,0.228536,0.249163,0.700179,0.396984,0.693946,0.00078104,2.551451,0.898122,0.883510,0.884857,39.6109,"{""cora"": 6, ""citeseer"": 6, ""pubmed"": 20, ""ppi"": 33, ""facebook_ego"": 6, ""twitch_en"": 31, ""coauthor_cs"": 16, ""dblp_snap"": 63, ""power_grid"": 9, ""as733"": 10}"
32,6400,195.2,-0.912600,0.076295,0.502095,0.198576,0.250090,0.702798,0.392367,0.694735,0.00076791,2.667960,0.892001,0.882150,0.898261,40.6948,"{""cora"": 6, ""citeseer"": 8, ""pubmed"": 17, ""ppi"": 33, ""facebook_ego"": 9, ""twitch_en"": 45, ""coauthor_cs"": 10, ""dblp_snap"": 58, ""power_grid"": 4, ""as733"": 10}"
33,6600,201.1,-0.930400,0.070087,0.499281,0.207575,0.246988,0.697313,0.385120,0.697030,0.00075452,2.726825,0.894316,0.884690,0.899535,38.0576,"{""cora"": 9, ""citeseer"": 11, ""pubmed"": 17, ""ppi"": 23, ""facebook_ego"": 8, ""twitch_en"": 52, ""coauthor_cs"": 16, ""dblp_snap"": 54, ""power_grid"": 3, ""as733"": 7}"
34,6800,206.5,-0.918192,0.069720,0.503113,0.209808,0.246557,0.696994,0.385649,0.697517,0.00074088,3.273054,0.890368,0.882129,0.896324,38.3084,"{""cora"": 2, ""citeseer"": 9, ""pubmed"": 12, ""ppi"": 23, ""facebook_ego"": 8, ""twitch_en"": 46, ""coauthor_cs"": 13, ""dblp_snap"": 70, ""power_grid"": 6, ""as733"": 11}"
35,7000,212.0,-0.873449,0.075457,0.499224,0.209484,0.246834,0.701649,0.385930,0.699603,0.00072700,2.682583,0.894665,0.883722,0.891371,38.1461,"{""cora"": 1, ""citeseer"": 8, ""pubmed"": 20, ""ppi"": 29, ""facebook_ego"": 5, ""twitch_en"": 43, ""coauthor_cs"": 16, ""dblp_snap"": 62, ""power_grid"": 7, ""as733"": 9}"
36,7200,217.5,-0.800112,0.080085,0.499089,0.220305,0.249026,0.701429,0.384826,0.700419,0.00071289,2.843628,0.896815,0.884615,0.897809,40.7967,"{""cora"": 6, ""citeseer"": 6, ""pubmed"": 15, ""ppi"": 29, ""facebook_ego"": 4, ""twitch_en"": 30, ""coauthor_cs"": 16, ""dblp_snap"": 79, ""power_grid"": 8, ""as733"": 7}"
37,7400,223.0,-0.879799,0.077638,0.497294,0.203266,0.249817,0.694515,0.381224,0.701968,0.00069857,2.673032,0.897646,0.884758,0.899810,40.5137,"{""cora"": 5, ""citeseer"": 7, ""pubmed"": 16, ""ppi"": 33, ""facebook_ego"": 11, ""twitch_en"": 40, ""coauthor_cs"": 13, ""dblp_snap"": 59, ""power_grid"": 9, ""as733"": 7}"
38,7600,229.4,-0.997896,0.067731,0.492977,0.191998,0.246800,0.693376,0.377089,0.702262,0.00068406,2.588471,0.901956,0.886671,0.904268,40.9637,"{""cora"": 2, ""citeseer"": 6, ""pubmed"": 21, ""ppi"": 25, ""facebook_ego"": 7, ""twitch_en"": 47, ""coauthor_cs"": 21, ""dblp_snap"": 49, ""power_grid"": 8, ""as733"": 14}"
39,7800,235.5,-0.986375,0.072234,0.495121,0.182983,0.245319,0.694730,0.372195,0.702312,0.00066937,2.442671,0.900985,0.887081,0.905935,38.4245,"{""cora"": 7, ""citeseer"": 4, ""pubmed"": 16, ""ppi"": 31, ""facebook_ego"": 9, ""twitch_en"": 37, ""coauthor_cs"": 13, ""dblp_snap"": 61, ""power_grid"": 8, ""as733"": 14}"
40,8000,241.0,-0.895911,0.072451,0.496964,0.207300,0.245358,0.694528,0.375320,0.702795,0.00065451,2.732955,0.897643,0.886285,0.898232,41.3777,"{""cora"": 3, ""citeseer"": 4, ""pubmed"": 16, ""ppi"": 26, ""facebook_ego"": 7, ""twitch_en"": 43, ""coauthor_cs"": 16, ""dblp_snap"": 64, ""power_grid"": 6, ""as733"": 15}"
41,8200,247.4,-0.852753,0.076674,0.495979,0.210983,0.246052,0.695650,0.375979,0.704839,0.00063950,2.741398,0.898644,0.885148,0.896823,41.1502,"{""cora"": 3, ""citeseer"": 6, ""pubmed"": 20, ""ppi"": 30, ""facebook_ego"": 8, ""twitch_en"": 43, ""coauthor_cs"": 18, ""dblp_snap"": 60, ""power_grid"": 5, ""as733"": 7}"
42,8400,252.8,-0.965056,0.071711,0.497769,0.190023,0.246474,0.696272,0.376876,0.704660,0.00062434,2.288645,0.896729,0.886657,0.896608,38.5127,"{""cora"": 3, ""citeseer"": 10, ""pubmed"": 13, ""ppi"": 26, ""facebook_ego"": 5, ""twitch_en"": 47, ""coauthor_cs"": 17, ""dblp_snap"": 62, ""power_grid"": 4, ""as733"": 13}"
43,8600,258.0,-0.941828,0.072789,0.497825,0.193799,0.245371,0.696371,0.375291,0.705323,0.00060907,2.304388,0.896775,0.885240,0.903067,41.8170,"{""cora"": 5, ""citeseer"": 5, ""pubmed"": 18, ""ppi"": 27, ""facebook_ego"": 5, ""twitch_en"": 47, ""coauthor_cs"": 18, ""dblp_snap"": 63, ""power_grid"": 6, ""as733"": 6}"
44,8800,263.2,-0.863758,0.076074,0.493935,0.209840,0.246940,0.692334,0.377654,0.705410,0.00059369,2.502909,0.900695,0.889623,0.898047,35.5491,"{""cora"": 7, ""citeseer"": 13, ""pubmed"": 10, ""ppi"": 26, ""facebook_ego"": 6, ""twitch_en"": 42, ""coauthor_cs"": 14, ""dblp_snap"": 64, ""power_grid"": 9, ""as733"": 9}"
45,9000,268.2,-0.918544,0.067544,0.491571,0.214984,0.243524,0.692511,0.376800,0.706216,0.00057822,2.531137,0.904350,0.891559,0.908914,43.5518,"{""cora"": 4, ""citeseer"": 7, ""pubmed"": 19, ""ppi"": 19, ""facebook_ego"": 9, ""twitch_en"": 37, ""coauthor_cs"": 16, ""dblp_snap"": 68, ""power_grid"": 11, ""as733"": 10}"
46,9200,272.9,-0.796706,0.075562,0.494390,0.229357,0.243748,0.694035,0.380788,0.705362,0.00056267,2.934071,0.900107,0.889731,0.902908,42.2843,"{""cora"": 5, ""citeseer"": 6, ""pubmed"": 7, ""ppi"": 24, ""facebook_ego"": 11, ""twitch_en"": 38, ""coauthor_cs"": 16, ""dblp_snap"": 73, ""power_grid"": 9, ""as733"": 11}"
47,9400,277.9,-0.958377,0.071120,0.493214,0.195019,0.243938,0.695022,0.380195,0.706426,0.00054705,2.384502,0.902093,0.889908,0.900374,40.7843,"{""cora"": 5, ""citeseer"": 11, ""pubmed"": 15, ""ppi"": 24, ""facebook_ego"": 8, ""twitch_en"": 44, ""coauthor_cs"": 18, ""dblp_snap"": 60, ""power_grid"": 6, ""as733"": 9}"
48,9600,283.3,-0.884071,0.077502,0.498244,0.199507,0.245756,0.698693,0.379163,0.706927,0.00053140,2.376658,0.896478,0.886523,0.901382,38.8004,"{""cora"": 9, ""citeseer"": 5, ""pubmed"": 10, ""ppi"": 31, ""facebook_ego"": 5, ""twitch_en"": 47, ""coauthor_cs"": 17, ""dblp_snap"": 62, ""power_grid"": 6, ""as733"": 8}"
49,9800,288.5,-0.967398,0.070404,0.490762,0.194959,0.244026,0.691685,0.376698,0.707960,0.00051571,2.314063,0.904261,0.890890,0.903706,39.6556,"{""cora"": 7, ""citeseer"": 3, ""pubmed"": 15, ""ppi"": 24, ""facebook_ego"": 15, ""twitch_en"": 38, ""coauthor_cs"": 21, ""dblp_snap"": 66, ""power_grid"": 8, ""as733"": 3}"
50,10000,294.1,-0.895647,0.073649,0.494162,0.205695,0.243753,0.694108,0.375990,0.708332,0.00050000,2.609990,0.900422,0.889372,0.902504,45.0606,"{""cora"": 8, ""citeseer"": 5, ""pubmed"": 15, ""ppi"": 28, ""facebook_ego"": 5, ""twitch_en"": 48, ""coauthor_cs"": 16, ""dblp_snap"": 55, ""power_grid"": 10, ""as733"": 10}"
51,10200,302.2,-0.767413,0.078088,0.499223,0.230978,0.245372,0.696954,0.381790,0.707931,0.00048429,2.589244,0.894945,0.887090,0.889287,40.1557,"{""cora"": 4, ""citeseer"": 7, ""pubmed"": 13, ""ppi"": 29, ""facebook_ego"": 7, ""twitch_en"": 53, ""coauthor_cs"": 10, ""dblp_snap"": 62, ""power_grid"": 4, ""as733"": 11}"
52,10400,308.2,-0.988851,0.064625,0.495583,0.201727,0.242357,0.695069,0.381842,0.708676,0.00046860,2.299891,0.898706,0.888959,0.901618,44.0901,"{""cora"": 4, ""citeseer"": 7, ""pubmed"": 15, ""ppi"": 17, ""facebook_ego"": 9, ""twitch_en"": 54, ""coauthor_cs"": 15, ""dblp_snap"": 65, ""power_grid"": 5, ""as733"": 9}"
53,10600,313.9,-0.853387,0.077465,0.493385,0.210221,0.243951,0.693359,0.379553,0.708619,0.00045295,2.731393,0.901556,0.890138,0.911475,43.1963,"{""cora"": 8, ""citeseer"": 8, ""pubmed"": 10, ""ppi"": 29, ""facebook_ego"": 4, ""twitch_en"": 44, ""coauthor_cs"": 18, ""dblp_snap"": 62, ""power_grid"": 5, ""as733"": 12}"
54,10800,319.8,-0.885077,0.072700,0.498636,0.210612,0.241884,0.700379,0.381143,0.708843,0.00043733,2.374362,0.895398,0.885507,0.903652,36.8731,"{""cora"": 3, ""citeseer"": 3, ""pubmed"": 19, ""ppi"": 28, ""facebook_ego"": 2, ""twitch_en"": 56, ""coauthor_cs"": 11, ""dblp_snap"": 60, ""power_grid"": 7, ""as733"": 11}"
55,11000,326.1,-1.070572,0.062837,0.491147,0.182661,0.239126,0.695415,0.377410,0.708438,0.00042178,2.177976,0.903673,0.891204,0.911380,39.9319,"{""cora"": 5, ""citeseer"": 8, ""pubmed"": 20, ""ppi"": 22, ""facebook_ego"": 10, ""twitch_en"": 55, ""coauthor_cs"": 11, ""dblp_snap"": 49, ""power_grid"": 9, ""as733"": 11}"
56,11200,331.8,-1.072335,0.061385,0.488706,0.186177,0.235697,0.691538,0.373570,0.708601,0.00040631,2.147193,0.906747,0.895308,0.917009,45.7332,"{""cora"": 9, ""citeseer"": 10, ""pubmed"": 14, ""ppi"": 15, ""facebook_ego"": 7, ""twitch_en"": 52, ""coauthor_cs"": 20, ""dblp_snap"": 55, ""power_grid"": 8, ""as733"": 10}"
57,11400,336.8,-0.904297,0.075249,0.489806,0.196679,0.236909,0.691444,0.372125,0.708668,0.00039093,2.362441,0.905750,0.891304,0.908321,44.5647,"{""cora"": 3, ""citeseer"": 9, ""pubmed"": 16, ""ppi"": 29, ""facebook_ego"": 8, ""twitch_en"": 36, ""coauthor_cs"": 15, ""dblp_snap"": 67, ""power_grid"": 10, ""as733"": 7}"
58,11600,341.7,-1.123897,0.063005,0.488290,0.166082,0.235354,0.692090,0.368142,0.708746,0.00037566,2.256888,0.907358,0.896123,0.917882,43.4298,"{""cora"": 7, ""citeseer"": 10, ""pubmed"": 11, ""ppi"": 22, ""facebook_ego"": 8, ""twitch_en"": 44, ""coauthor_cs"": 12, ""dblp_snap"": 57, ""power_grid"": 15, ""as733"": 14}"
59,11800,346.8,-0.998866,0.071569,0.493474,0.177177,0.235932,0.695249,0.367806,0.709005,0.00036050,2.126095,0.901989,0.891592,0.911057,46.5754,"{""cora"": 10, ""citeseer"": 6, ""pubmed"": 10, ""ppi"": 29, ""facebook_ego"": 7, ""twitch_en"": 43, ""coauthor_cs"": 12, ""dblp_snap"": 64, ""power_grid"": 9, ""as733"": 10}"
60,12000,352.3,-0.837216,0.075020,0.498556,0.211657,0.236779,0.700433,0.371112,0.708804,0.00034549,2.535163,0.896178,0.887931,0.901286,47.0288,"{""cora"": 6, ""citeseer"": 6, ""pubmed"": 11, ""ppi"": 29, ""facebook_ego"": 8, ""twitch_en"": 52, ""coauthor_cs"": 9, ""dblp_snap"": 66, ""power_grid"": 7, ""as733"": 6}"
61,12200,358.8,-0.982387,0.072665,0.494244,0.180134,0.236879,0.699515,0.371816,0.708961,0.00033063,2.211622,0.900858,0.890113,0.911179,38.2858,"{""cora"": 4, ""citeseer"": 8, ""pubmed"": 11, ""ppi"": 29, ""facebook_ego"": 8, ""twitch_en"": 46, ""coauthor_cs"": 13, ""dblp_snap"": 65, ""power_grid"": 6, ""as733"": 10}"
62,12400,364.0,-1.073581,0.060795,0.488748,0.185474,0.235036,0.693088,0.369193,0.709351,0.00031594,2.108667,0.905873,0.893811,0.913807,38.5929,"{""cora"": 5, ""citeseer"": 6, ""pubmed"": 18, ""ppi"": 13, ""facebook_ego"": 7, ""twitch_en"": 42, ""coauthor_cs"": 20, ""dblp_snap"": 75, ""power_grid"": 6, ""as733"": 8}"
63,12600,369.3,-0.834068,0.072757,0.493678,0.219691,0.235225,0.694684,0.370598,0.710126,0.00030143,2.485154,0.901359,0.890235,0.908443,45.4999,"{""cora"": 9, ""citeseer"": 6, ""pubmed"": 13, ""ppi"": 21, ""facebook_ego"": 3, ""twitch_en"": 44, ""coauthor_cs"": 14, ""dblp_snap"": 76, ""power_grid"": 7, ""as733"": 7}"
64,12800,375.5,-0.936948,0.069914,0.493644,0.198849,0.235253,0.694157,0.370272,0.710036,0.00028711,2.528921,0.900524,0.891129,0.912799,45.7849,"{""cora"": 5, ""citeseer"": 5, ""pubmed"": 12, ""ppi"": 25, ""facebook_ego"": 8, ""twitch_en"": 51, ""coauthor_cs"": 12, ""dblp_snap"": 61, ""power_grid"": 12, ""as733"": 9}"
65,13000,381.4,-0.918983,0.074587,0.493826,0.192135,0.235343,0.695479,0.371410,0.709432,0.00027300,2.222361,0.901066,0.890530,0.904067,38.4213,"{""cora"": 9, ""citeseer"": 7, ""pubmed"": 13, ""ppi"": 33, ""facebook_ego"": 5, ""twitch_en"": 51, ""coauthor_cs"": 8, ""dblp_snap"": 55, ""power_grid"": 7, ""as733"": 12}"
66,13200,386.5,-1.039255,0.066938,0.483349,0.180637,0.235215,0.689764,0.368041,0.709686,0.00025912,2.138931,0.912886,0.897393,0.915947,44.6230,"{""cora"": 9, ""citeseer"": 11, ""pubmed"": 16, ""ppi"": 21, ""facebook_ego"": 3, ""twitch_en"": 39, ""coauthor_cs"": 19, ""dblp_snap"": 58, ""power_grid"": 10, ""as733"": 14}"
67,13400,392.2,-1.037804,0.067142,0.491336,0.177953,0.234991,0.692332,0.367865,0.710233,0.00024548,2.027127,0.902659,0.891255,0.909925,45.2662,"{""cora"": 7, ""citeseer"": 5, ""pubmed"": 15, ""ppi"": 24, ""facebook_ego"": 6, ""twitch_en"": 54, ""coauthor_cs"": 19, ""dblp_snap"": 56, ""power_grid"": 5, ""as733"": 9}"
68,13600,398.2,-1.045438,0.064113,0.491059,0.183365,0.233963,0.692588,0.367515,0.710183,0.00023209,2.145447,0.903243,0.892584,0.907627,34.5652,"{""cora"": 9, ""citeseer"": 10, ""pubmed"": 15, ""ppi"": 21, ""facebook_ego"": 7, ""twitch_en"": 55, ""coauthor_cs"": 10, ""dblp_snap"": 57, ""power_grid"": 3, ""as733"": 13}"
69,13800,404.3,-0.883121,0.075307,0.494549,0.198341,0.234103,0.695457,0.367942,0.710344,0.00021896,2.304996,0.900118,0.888453,0.905318,43.4612,"{""cora"": 4, ""citeseer"": 5, ""pubmed"": 16, ""ppi"": 32, ""facebook_ego"": 7, ""twitch_en"": 46, ""coauthor_cs"": 9, ""dblp_snap"": 67, ""power_grid"": 9, ""as733"": 5}"
70,14000,409.7,-0.907370,0.073013,0.493585,0.198118,0.234204,0.695678,0.368796,0.710555,0.00020611,2.388510,0.901712,0.889595,0.911341,47.0381,"{""cora"": 2, ""citeseer"": 3, ""pubmed"": 16, ""ppi"": 28, ""facebook_ego"": 3, ""twitch_en"": 42, ""coauthor_cs"": 14, ""dblp_snap"": 73, ""power_grid"": 8, ""as733"": 11}"
71,14200,416.4,-0.932557,0.065623,0.496162,0.209317,0.233802,0.697665,0.370902,0.710745,0.00019355,2.264502,0.897854,0.891514,0.895963,46.2009,"{""cora"": 4, ""citeseer"": 10, ""pubmed"": 11, ""ppi"": 17, ""facebook_ego"": 2, ""twitch_en"": 54, ""coauthor_cs"": 10, ""dblp_snap"": 75, ""power_grid"": 12, ""as733"": 5}"
72,14400,421.4,-0.973309,0.066072,0.489056,0.199306,0.233127,0.695329,0.370737,0.710294,0.00018129,2.290374,0.906563,0.893799,0.908798,45.0488,"{""cora"": 2, ""citeseer"": 8, ""pubmed"": 17, ""ppi"": 19, ""facebook_ego"": 6, ""twitch_en"": 46, ""coauthor_cs"": 16, ""dblp_snap"": 66, ""power_grid"": 10, ""as733"": 10}"
73,14600,426.8,-1.047082,0.062750,0.489435,0.187066,0.232222,0.693904,0.370380,0.710737,0.00016934,2.043038,0.904788,0.893914,0.908143,40.1001,"{""cora"": 6, ""citeseer"": 6, ""pubmed"": 17, ""ppi"": 20, ""facebook_ego"": 6, ""twitch_en"": 54, ""coauthor_cs"": 13, ""dblp_snap"": 56, ""power_grid"": 6, ""as733"": 16}"
74,14800,432.1,-0.967682,0.068227,0.490023,0.194191,0.231639,0.693506,0.369602,0.711023,0.00015773,2.382763,0.905237,0.893486,0.913710,39.8112,"{""cora"": 5, ""citeseer"": 7, ""pubmed"": 16, ""ppi"": 23, ""facebook_ego"": 5, ""twitch_en"": 48, ""coauthor_cs"": 15, ""dblp_snap"": 62, ""power_grid"": 11, ""as733"": 8}"
75,15000,438.7,-0.877722,0.071265,0.493714,0.210514,0.232357,0.694120,0.370757,0.710857,0.00014645,2.233197,0.900750,0.890840,0.899028,49.4107,"{""cora"": 5, ""citeseer"": 7, ""pubmed"": 12, ""ppi"": 22, ""facebook_ego"": 9, ""twitch_en"": 57, ""coauthor_cs"": 17, ""dblp_snap"": 61, ""power_grid"": 3, ""as733"": 7}"
76,15200,444.3,-0.915062,0.073672,0.493129,0.194545,0.232336,0.694605,0.370313,0.711182,0.00013552,2.251524,0.901108,0.892525,0.912829,48.9538,"{""cora"": 5, ""citeseer"": 6, ""pubmed"": 9, ""ppi"": 29, ""facebook_ego"": 9, ""twitch_en"": 53, ""coauthor_cs"": 13, ""dblp_snap"": 58, ""power_grid"": 8, ""as733"": 10}"
77,15400,449.3,-1.001169,0.071225,0.482693,0.179970,0.232636,0.691874,0.369355,0.710788,0.00012494,2.128711,0.913657,0.898161,0.911664,46.7525,"{""cora"": 8, ""citeseer"": 9, ""pubmed"": 14, ""ppi"": 26, ""facebook_ego"": 8, ""twitch_en"": 35, ""coauthor_cs"": 18, ""dblp_snap"": 61, ""power_grid"": 9, ""as733"": 12}"
78,15600,455.1,-0.857949,0.068565,0.494157,0.222578,0.232345,0.693377,0.369923,0.711118,0.00011474,2.423954,0.900027,0.889879,0.912114,47.6821,"{""cora"": 5, ""citeseer"": 6, ""pubmed"": 16, ""ppi"": 18, ""facebook_ego"": 4, ""twitch_en"": 52, ""coauthor_cs"": 13, ""dblp_snap"": 76, ""power_grid"": 5, ""as733"": 5}"
79,15800,460.5,-0.977288,0.068816,0.488020,0.190737,0.231983,0.692374,0.368832,0.711010,0.00010492,2.345279,0.907169,0.895145,0.916708,45.9134,"{""cora"": 4, ""citeseer"": 10, ""pubmed"": 15, ""ppi"": 23, ""facebook_ego"": 12, ""twitch_en"": 42, ""coauthor_cs"": 12, ""dblp_snap"": 68, ""power_grid"": 10, ""as733"": 4}"
80,16000,465.8,-1.012780,0.066639,0.487253,0.186634,0.231749,0.692133,0.368638,0.711074,0.00009549,2.104140,0.907642,0.896452,0.905628,47.6864,"{""cora"": 8, ""citeseer"": 7, ""pubmed"": 10, ""ppi"": 23, ""facebook_ego"": 12, ""twitch_en"": 47, ""coauthor_cs"": 12, ""dblp_snap"": 60, ""power_grid"": 7, ""as733"": 14}"
81,16200,472.6,-1.042147,0.067995,0.483913,0.175893,0.231855,0.690333,0.367720,0.711228,0.00008646,2.038642,0.911368,0.895563,0.914598,49.5247,"{""cora"": 4, ""citeseer"": 6, ""pubmed"": 18, ""ppi"": 24, ""facebook_ego"": 10, ""twitch_en"": 44, ""coauthor_cs"": 25, ""dblp_snap"": 56, ""power_grid"": 5, ""as733"": 8}"
82,16400,479.0,-0.977530,0.071969,0.492541,0.180942,0.231941,0.691827,0.367552,0.711362,0.00007784,2.115016,0.902353,0.890595,0.915920,40.4069,"{""cora"": 6, ""citeseer"": 5, ""pubmed"": 14, ""ppi"": 29, ""facebook_ego"": 4, ""twitch_en"": 46, ""coauthor_cs"": 13, ""dblp_snap"": 67, ""power_grid"": 12, ""as733"": 4}"
83,16600,484.8,-0.842181,0.069082,0.489159,0.225808,0.231874,0.691895,0.368039,0.711242,0.00006963,2.615890,0.906118,0.894138,0.911395,46.1188,"{""cora"": 5, ""citeseer"": 4, ""pubmed"": 13, ""ppi"": 17, ""facebook_ego"": 10, ""twitch_en"": 39, ""coauthor_cs"": 12, ""dblp_snap"": 83, ""power_grid"": 6, ""as733"": 11}"
84,16800,491.4,-0.992140,0.071662,0.491838,0.177894,0.231870,0.692374,0.367612,0.711264,0.00006185,2.187614,0.902898,0.892446,0.916309,47.8981,"{""cora"": 6, ""citeseer"": 7, ""pubmed"": 14, ""ppi"": 29, ""facebook_ego"": 6, ""twitch_en"": 52, ""coauthor_cs"": 12, ""dblp_snap"": 58, ""power_grid"": 10, ""as733"": 6}"
85,17000,497.2,-0.853937,0.074843,0.489994,0.207889,0.231929,0.692415,0.367709,0.711387,0.00005450,2.226425,0.904784,0.891506,0.908612,44.5719,"{""cora"": 10, ""citeseer"": 2, ""pubmed"": 19, ""ppi"": 28, ""facebook_ego"": 7, ""twitch_en"": 47, ""coauthor_cs"": 14, ""dblp_snap"": 63, ""power_grid"": 5, ""as733"": 5}"
86,17200,503.1,-1.046536,0.068342,0.488089,0.172548,0.231738,0.692443,0.367093,0.711371,0.00004759,2.102163,0.907092,0.892415,0.918621,48.2415,"{""cora"": 6, ""citeseer"": 6, ""pubmed"": 24, ""ppi"": 27, ""facebook_ego"": 4, ""twitch_en"": 48, ""coauthor_cs"": 14, ""dblp_snap"": 58, ""power_grid"": 5, ""as733"": 8}"
87,17400,509.6,-1.080960,0.067834,0.490464,0.163806,0.231773,0.692761,0.366536,0.711408,0.00004112,1.973367,0.904055,0.893722,0.920012,46.9028,"{""cora"": 3, ""citeseer"": 10, ""pubmed"": 13, ""ppi"": 25, ""facebook_ego"": 6, ""twitch_en"": 50, ""coauthor_cs"": 16, ""dblp_snap"": 62, ""power_grid"": 8, ""as733"": 7}"
88,17600,515.8,-1.060812,0.070690,0.483817,0.163802,0.231694,0.692137,0.365920,0.711455,0.00003511,2.057744,0.912560,0.896032,0.922761,47.6575,"{""cora"": 10, ""citeseer"": 6, ""pubmed"": 16, ""ppi"": 30, ""facebook_ego"": 9, ""twitch_en"": 39, ""coauthor_cs"": 15, ""dblp_snap"": 57, ""power_grid"": 5, ""as733"": 13}"
89,17800,522.1,-1.021583,0.066312,0.484701,0.184822,0.231586,0.691575,0.365607,0.711395,0.00002956,2.195883,0.910593,0.897051,0.917216,44.1746,"{""cora"": 7, ""citeseer"": 7, ""pubmed"": 18, ""ppi"": 21, ""facebook_ego"": 8, ""twitch_en"": 48, ""coauthor_cs"": 19, ""dblp_snap"": 54, ""power_grid"": 6, ""as733"": 12}"
90,18000,528.1,-1.017870,0.065235,0.489226,0.187231,0.231545,0.691624,0.365579,0.711479,0.00002447,2.139864,0.905403,0.893937,0.912472,35.9290,"{""cora"": 4, ""citeseer"": 2, ""pubmed"": 14, ""ppi"": 21, ""facebook_ego"": 8, ""twitch_en"": 51, ""coauthor_cs"": 20, ""dblp_snap"": 61, ""power_grid"": 10, ""as733"": 9}"
91,18200,535.2,-0.946396,0.069884,0.484864,0.195911,0.231476,0.691399,0.365472,0.711485,0.00001985,2.379146,0.910514,0.896176,0.918941,46.6523,"{""cora"": 5, ""citeseer"": 5, ""pubmed"": 20, ""ppi"": 25, ""facebook_ego"": 9, ""twitch_en"": 43, ""coauthor_cs"": 15, ""dblp_snap"": 61, ""power_grid"": 10, ""as733"": 7}"
92,18400,540.6,-1.151205,0.059685,0.484244,0.166709,0.231358,0.691174,0.365228,0.711450,0.00001571,1.947398,0.910822,0.898082,0.922767,47.9251,"{""cora"": 10, ""citeseer"": 10, ""pubmed"": 18, ""ppi"": 16, ""facebook_ego"": 8, ""twitch_en"": 47, ""coauthor_cs"": 15, ""dblp_snap"": 60, ""power_grid"": 7, ""as733"": 9}"
93,18600,546.6,-1.006241,0.068090,0.493634,0.181770,0.231334,0.691398,0.365176,0.711396,0.00001204,2.183299,0.900008,0.890396,0.910729,47.5674,"{""cora"": 3, ""citeseer"": 4, ""pubmed"": 13, ""ppi"": 26, ""facebook_ego"": 6, ""twitch_en"": 56, ""coauthor_cs"": 13, ""dblp_snap"": 61, ""power_grid"": 8, ""as733"": 10}"
94,18800,551.9,-1.015880,0.065642,0.490737,0.186108,0.231321,0.691510,0.365180,0.711430,0.00000886,1.985598,0.904641,0.893643,0.904373,46.6673,"{""cora"": 4, ""citeseer"": 2, ""pubmed"": 18, ""ppi"": 20, ""facebook_ego"": 3, ""twitch_en"": 48, ""coauthor_cs"": 22, ""dblp_snap"": 67, ""power_grid"": 10, ""as733"": 6}"
95,19000,557.1,-0.818333,0.076508,0.488442,0.212348,0.231317,0.691496,0.365176,0.711461,0.00000616,2.602218,0.907145,0.892826,0.915845,47.9098,"{""cora"": 6, ""citeseer"": 3, ""pubmed"": 13, ""ppi"": 29, ""facebook_ego"": 10, ""twitch_en"": 39, ""coauthor_cs"": 13, ""dblp_snap"": 72, ""power_grid"": 6, ""as733"": 9}"
96,19200,562.9,-0.716446,0.079688,0.490195,0.231139,0.231343,0.691514,0.365224,0.711462,0.00000394,2.501942,0.904579,0.891185,0.900988,48.5977,"{""cora"": 3, ""citeseer"": 6, ""pubmed"": 12, ""ppi"": 29, ""facebook_ego"": 5, ""twitch_en"": 41, ""coauthor_cs"": 12, ""dblp_snap"": 76, ""power_grid"": 6, ""as733"": 10}"
97,19400,568.2,-1.008250,0.064678,0.487475,0.191477,0.231329,0.691522,0.365216,0.711449,0.00000222,2.192745,0.907640,0.894830,0.919326,48.7749,"{""cora"": 5, ""citeseer"": 7, ""pubmed"": 19, ""ppi"": 21, ""facebook_ego"": 5, ""twitch_en"": 46, ""coauthor_cs"": 13, ""dblp_snap"": 64, ""power_grid"": 12, ""as733"": 8}"
98,19600,574.0,-0.986740,0.066365,0.489280,0.192506,0.231328,0.691518,0.365214,0.711456,0.00000099,2.119518,0.905110,0.892152,0.909805,48.7385,"{""cora"": 2, ""citeseer"": 4, ""pubmed"": 21, ""ppi"": 21, ""facebook_ego"": 5, ""twitch_en"": 53, ""coauthor_cs"": 21, ""dblp_snap"": 60, ""power_grid"": 7, ""as733"": 6}"
99,19800,579.4,-0.974492,0.071157,0.490591,0.183463,0.231327,0.691520,0.365212,0.711453,0.00000025,2.192793,0.904574,0.895211,0.915586,40.5191,"{""cora"": 7, ""citeseer"": 6, ""pubmed"": 11, ""ppi"": 26, ""facebook_ego"": 1, ""twitch_en"": 49, ""coauthor_cs"": 17, ""dblp_snap"": 60, ""power_grid"": 17, ""as733"": 6}"
100,20000,584.6,-0.931926,0.071291,0.492548,0.193938,0.231328,0.691522,0.365212,0.711454,0.00000000,2.189721,0.902030,0.891709,0.916915,46.6812,"{""cora"": 8, ""citeseer"": 3, ""pubmed"": 11, ""ppi"": 26, ""facebook_ego"": 12, ""twitch_en"": 48, ""coauthor_cs"": 12, ""dblp_snap"": 71, ""power_grid"": 4, ""as733"": 5}"
